{"cameraMode":{"drawMode":0,"name":"Shaded","section":"Shading Mode"},"sceneLighting":true,"audioPlay":false,"sceneViewState":{"m_AlwaysRefresh":true,"showFog":true,"showSkybox":true,"showFlares":true,"showImageEffects":true,"showParticleSystems":true,"showVisualEffectGraphs":true,"m_FxEnabled":true},"in2DMode":false,"pivot":{"x":-0.6956620812416077,"y":3.783196449279785,"z":-20.336336135864259},"rotation":{"x":0.09237133711576462,"y":0.1028682217001915,"z":-0.009044191800057888,"w":0.9903581142425537},"size":0.21169684827327729,"orthographic":false}